Country Name,Country Code,Series Name,Series Code,2016,2017,2018,2019,2020,2021,2022,2023,2024,2025
United States,USA,Adolescents out of school (% of lower secondary school age),SE.SEC.UNER.LO.ZS,,,,,0.172670006752014,1.15775001049042,0.813030004501343,,,
United States,USA,"Adolescents out of school, female (% of female lower secondary school age)",SE.SEC.UNER.LO.FE.ZS,,,,,,,0.375470012426376,,,
United States,USA,"Adolescents out of school, male (% of male lower secondary school age)",SE.SEC.UNER.LO.MA.ZS,,,,,,,1.22965002059937,,,
United States,USA,Children out of school (% of primary school age),SE.PRM.UNER.ZS,0.35997000336647,0.424380004405975,0.574209988117218,0.916570007801056,2.00507998466492,4.09511995315552,3.98220992088318,,,
United States,USA,"Children out of school, female (% of female primary school age)",SE.PRM.UNER.FE.ZS,0.43095999956131,,0.635680019855499,0.848990023136139,2.04341006278992,4.16418981552124,3.78526997566223,,,
United States,USA,"Children out of school, male (% of male primary school age)",SE.PRM.UNER.MA.ZS,0.291880011558533,,0.515320003032684,0.98131000995636,1.96835994720459,4.02901983261108,4.1700701713562,,,
United States,USA,"Children out of school, primary",SE.PRM.UNER,88850.0,104711.0,141533.0,224977.0,489065.0,996160.0,965853.0,,,
United States,USA,"Children out of school, primary, female",SE.PRM.UNER.FE,52078.0,,76669.0,101961.0,243827.0,495363.0,448218.0,,,
United States,USA,"Children out of school, primary, male",SE.PRM.UNER.MA,36772.0,,64864.0,123016.0,245238.0,500796.0,517634.0,,,
United States,USA,"Educational attainment, at least completed lower secondary, population 25+, total (%) (cumulative)",SE.SEC.CUAT.LO.ZS,95.5852432250977,94.9176025390625,96.0293731689453,97.6129471753246,96.4607696533203,95.2501678466797,96.4930725097656,96.503532409668,96.6203231811523,
United States,USA,"Government expenditure on education, total (% of GDP)",SE.XPD.TOTL.GD.ZS,4.78327989578247,5.09296989440918,4.89502000808716,4.95746994018555,5.39530992507935,5.42038011550903,,,,
United States,USA,"Government expenditure on education, total (% of government expenditure)",SE.XPD.TOTL.GB.ZS,13.1706104278565,13.8754997253418,13.1474103927612,13.2726898193359,12.1569995880127,11.2926597595215,,,,
United States,USA,"Lower secondary completion rate, total (% of relevant age group)",SE.SEC.CMPT.LO.ZS,,104.852256774902,103.384170532227,103.408462524414,103.84593963623,103.428169250488,101.35814666748,,,
United States,USA,"Primary completion rate, female (% of relevant age group)",SE.PRM.CMPT.FE.ZS,,97.1660308837891,95.4763412475586,103.343627929688,101.677947998047,100.28727722168,94.0673522949219,,,
United States,USA,"Primary completion rate, male (% of relevant age group)",SE.PRM.CMPT.MA.ZS,,100.429466247559,104.510192871094,97.7526397705078,100.200538635254,101.863677978516,97.3387908935547,,,
United States,USA,"Primary completion rate, total (% of relevant age group)",SE.PRM.CMPT.ZS,,98.8321990966797,100.092697143555,100.489051818848,100.923667907715,101.091278076172,95.743522644043,,,
United States,USA,"Pupil-teacher ratio, lower secondary",SE.SEC.ENRL.LO.TC.ZS,,14.54548,,,,,,,,
United States,USA,"Pupil-teacher ratio, preprimary",SE.PRE.ENRL.TC.ZS,,14.27951,,,,,,,,
United States,USA,"Pupil-teacher ratio, primary",SE.PRM.ENRL.TC.ZS,,14.19857,,,,,,,,
United States,USA,"Pupil-teacher ratio, secondary",SE.SEC.ENRL.TC.ZS,,14.62452,,,,,,,,
United States,USA,"Pupil-teacher ratio, tertiary",SE.TER.ENRL.TC.ZS,,12.02368,,,,,,,,
United States,USA,"Pupil-teacher ratio, upper secondary",SE.SEC.ENRL.UP.TC.ZS,,14.70795,,,,,,,,
United States,USA,"School enrollment, secondary (% gross)",SE.SEC.ENRR,98.7699279785156,98.9523391723633,99.2755813598633,100.063430786133,100.509819030762,101.192489624023,97.4734878540039,,,
United States,USA,"School enrollment, secondary, female (% gross)",SE.SEC.ENRR.FE,98.4747085571289,98.695556640625,98.7960586547852,99.189453125,99.4142990112305,101.344367980957,98.6511611938477,,,
United States,USA,"School enrollment, secondary, male (% gross)",SE.SEC.ENRR.MA,99.0528335571289,99.1985168457031,99.7356567382812,100.902122497559,101.560943603516,101.046821594238,96.351806640625,,,
United States,USA,"Share of youth not in education, employment or training, female (% of female youth population)",SL.UEM.NEET.FE.ZS,12.812,11.761,11.543,10.934,14.194,12.621,11.723,11.391,11.994,11.84
United States,USA,"Share of youth not in education, employment or training, male (% of male youth population)",SL.UEM.NEET.MA.ZS,11.233,10.195,10.309,9.89,13.593,11.791,10.768,10.995,11.206,11.345
United States,USA,"Share of youth not in education, employment or training, total (% of youth population)",SL.UEM.NEET.ZS,12.017,10.972,10.922,10.409,13.892,12.204,11.244,11.191,11.597,11.59
United States,USA,Trained teachers in lower secondary education (% of total teachers),SE.SEC.TCAQ.LO.ZS,100.0,100.0,100.0,100.0,100.0,100.0,100.0,100.0,,
United States,USA,"Trained teachers in lower secondary education, female (% of female teachers)",SE.SEC.TCAQ.LO.FE.ZS,100.0,100.0,100.0,100.0,100.0,100.0,100.0,100.0,,
United States,USA,"Trained teachers in lower secondary education, male (% of male teachers)",SE.SEC.TCAQ.LO.MA.ZS,100.0,100.0,100.0,100.0,100.0,100.0,100.0,100.0,,
United States,USA,Trained teachers in primary education (% of total teachers),SE.PRM.TCAQ.ZS,100.0,100.0,100.0,100.0,100.0,100.0,100.0,100.0,,
United States,USA,"Trained teachers in primary education, female (% of female teachers)",SE.PRM.TCAQ.FE.ZS,100.0,100.0,100.0,100.0,100.0,100.0,100.0,100.0,,
United States,USA,"Trained teachers in primary education, male (% of male teachers)",SE.PRM.TCAQ.MA.ZS,100.0,100.0,100.0,100.0,100.0,100.0,100.0,100.0,,
United States,USA,Trained teachers in secondary education (% of total teachers),SE.SEC.TCAQ.ZS,100.0,100.0,100.0,100.0,100.0,100.0,100.0,100.0,,
United States,USA,"Trained teachers in secondary education, female (% of female teachers)",SE.SEC.TCAQ.FE.ZS,100.0,100.0,100.0,100.0,100.0,100.0,100.0,100.0,,
United States,USA,"Trained teachers in secondary education, male (% of male teachers)",SE.SEC.TCAQ.MA.ZS,100.0,100.0,100.0,100.0,100.0,100.0,100.0,100.0,,
United States,USA,Trained teachers in upper secondary education (% of total teachers),SE.SEC.TCAQ.UP.ZS,100.0,100.0,100.0,100.0,100.0,100.0,100.0,100.0,,
United States,USA,"Trained teachers in upper secondary education, female (% of female teachers)",SE.SEC.TCAQ.UP.FE.ZS,100.0,100.0,100.0,100.0,100.0,100.0,100.0,100.0,,
United States,USA,"Trained teachers in upper secondary education, male (% of male teachers)",SE.SEC.TCAQ.UP.MA.ZS,100.0,100.0,100.0,100.0,100.0,100.0,100.0,100.0,,
United States,USA,"Unemployment, youth female (% of female labor force ages 15-24) (national estimate)",SL.UEM.1524.FE.NE.ZS,9.34,8.088,7.671,7.342,14.836,8.9,7.466,7.095,8.126,9.002
United States,USA,"Unemployment, youth male (% of male labor force ages 15-24) (national estimate)",SL.UEM.1524.MA.NE.ZS,11.445,10.321,9.519,9.405,15.001,10.524,8.763,8.758,9.704,10.917
United States,USA,"Unemployment, youth total (% of total labor force ages 15-24) (national estimate)",SL.UEM.1524.NE.ZS,10.427,9.237,8.613,8.392,14.92,9.73,8.129,7.938,8.929,9.981
