major,graduates,avg_ai_exposure,share_high_exposure,underemployed_high,underemployed_low
Business,39079,0.445,46.0,30.2,55.0
Mathematics & Statistics,2846,0.436,40.6,13.7,41.2
Communications,11955,0.443,40.1,37.7,55.2
Social Sciences,13891,0.426,36.0,33.5,56.0
Computer & Information Sciences,10847,0.45,34.6,10.7,28.4
English,4480,0.418,32.5,40.7,56.7
Environment & Natural Resources,2638,0.386,30.3,27.0,63.4
Pre-Law & Legal Studies,328,0.426,27.6,49.1,71.7
Area & Ethnic Studies,683,0.412,27.5,48.6,53.0
Languages & Linguistics,1424,0.402,26.7,47.7,56.7
Agriculture,3036,0.346,26.5,41.1,72.2
History,2624,0.387,25.4,46.5,56.9
Engineering,18439,0.424,25.1,13.9,25.9
Physical Sciences,5019,0.389,25.1,25.0,51.3
Engineering Technologies,1189,0.385,24.2,31.6,52.0
Interdisciplinary Studies,2462,0.389,23.1,45.5,50.4
Liberal Arts & Humanities,1699,0.363,22.5,53.2,55.8
Psychology,11295,0.38,20.4,56.0,52.7
Fine Arts,11398,0.368,19.9,48.4,52.1
Biology & Life Sciences,12967,0.356,19.9,38.2,59.9
Philosophy & Religion,1750,0.357,19.4,49.2,49.6
Criminal Justice,5367,0.351,19.0,61.2,73.5
Public Policy & Social Work,2196,0.384,18.5,50.9,41.1
Physical Fitness & Recreation,4863,0.333,17.9,60.4,64.3
Architecture,1088,0.399,17.9,38.0,34.8
Other,3281,0.351,14.0,56.8,52.6
Health & Medical,17735,0.341,10.2,58.0,30.7
Education,12288,0.336,7.0,54.4,19.6
