Country Name,Country Code,Series Name,Series Code,2001 [YR2001],2002 [YR2002],2003 [YR2003],2004 [YR2004],2005 [YR2005],2006 [YR2006],2007 [YR2007],2008 [YR2008],2009 [YR2009],2010 [YR2010],2011 [YR2011],2012 [YR2012],2013 [YR2013],2014 [YR2014],2015 [YR2015],2016 [YR2016],2017 [YR2017],2018 [YR2018],2019 [YR2019],2020 [YR2020],2021 [YR2021],2022 [YR2022],2023 [YR2023],2024 [YR2024],2025 [YR2025]
United States,USA,"Share of youth not in education, employment or training, female (% of female youth population)",SL.UEM.NEET.FE.ZS,15.31,15.652,15.462,15.331,15.254,14.812,14.335,14.44,15.598,15.574,15.345,14.823,15.216,14.48,13.335,12.812,11.761,11.543,10.934,14.194,12.621,11.723,11.391,11.994,11.84
United States,USA,"Share of youth not in education, employment or training, male (% of male youth population)",SL.UEM.NEET.MA.ZS,10.581,11.242,11.779,10.982,11.076,10.146,10.291,11.646,14.479,14.894,13.515,13.008,13.562,12.314,11.561,11.233,10.195,10.309,9.89,13.593,11.791,10.768,10.995,11.206,11.345
United States,USA,"Share of youth not in education, employment or training, total (% of youth population)",SL.UEM.NEET.ZS,12.937,13.434,13.611,13.139,13.147,12.456,12.291,13.031,15.034,15.231,14.415,13.908,14.382,13.388,12.442,12.017,10.972,10.922,10.409,13.892,12.204,11.244,11.191,11.597,11.59
United States,USA,Children out of school (% of primary school age),SE.PRM.UNER.ZS,..,..,..,..,0.565190017223358,..,..,..,..,..,..,..,2.8980700969696,..,1.80586004257202,0.35997000336647,0.424380004405975,0.574209988117218,0.916570007801056,2.00507998466492,4.09511995315552,3.98220992088318,..,..,..
United States,USA,"Children out of school, female (% of female primary school age)",SE.PRM.UNER.FE.ZS,..,..,..,..,0.268880009651184,..,..,..,..,..,..,..,3.14109992980957,..,1.91737997531891,0.43095999956131,..,0.635680019855499,0.848990023136139,2.04341006278992,4.16418981552124,3.78526997566223,..,..,..
United States,USA,"Children out of school, male (% of male primary school age)",SE.PRM.UNER.MA.ZS,..,..,..,..,0.847800016403198,..,..,..,..,..,..,..,2.66526007652283,..,1.69895005226135,0.291880011558533,..,0.515320003032684,0.98131000995636,1.96835994720459,4.02901983261108,4.1700701713562,..,..,..
United States,USA,"Children out of school, primary",SE.PRM.UNER,..,..,..,..,135557,..,..,..,..,..,..,..,711515,..,446256,88850,104711,141533,224977,489065,996160,965853,..,..,..
United States,USA,"Children out of school, primary, female",SE.PRM.UNER.FE,..,..,..,..,31482,..,..,..,..,..,..,..,377311,..,231900,52078,..,76669,101961,243827,495363,448218,..,..,..
United States,USA,"Children out of school, primary, male",SE.PRM.UNER.MA,..,..,..,..,104076,..,..,..,..,..,..,..,334205,..,214356,36772,..,64864,123016,245238,500796,517634,..,..,..
United States,USA,"Unemployment, youth female (% of female labor force ages 15-24) (national estimate)",SL.UEM.1524.FE.NE.ZS,9.612,11.103,11.419,10.975,10.131,9.695,9.432,11.183,14.886,15.835,15.73,14.661,13.925,12.173,10.402,9.34,8.088,7.671,7.342,14.836,8.9,7.466,7.095,8.126,9.002
United States,USA,"Unemployment, youth male (% of male labor force ages 15-24) (national estimate)",SL.UEM.1524.MA.NE.ZS,11.427,12.82,13.355,12.639,12.386,11.236,11.554,14.359,20.127,20.827,18.745,17.647,17.053,14.541,12.776,11.445,10.321,9.519,9.405,15.001,10.524,8.763,8.758,9.704,10.917
United States,USA,"Unemployment, youth total (% of total labor force ages 15-24) (national estimate)",SL.UEM.1524.NE.ZS,10.558,11.996,12.428,11.847,11.309,10.508,10.543,12.846,17.601,18.424,17.309,16.211,15.546,13.397,11.624,10.427,9.237,8.613,8.392,14.92,9.73,8.129,7.938,8.929,9.981
United States,USA,"Primary completion rate, female (% of relevant age group)",SE.PRM.CMPT.FE.ZS,..,..,..,..,..,..,..,..,..,..,..,..,..,..,..,..,97.1660308837891,95.4763412475586,103.343627929688,101.677947998047,100.28727722168,94.0673522949219,..,..,..
United States,USA,"Primary completion rate, male (% of relevant age group)",SE.PRM.CMPT.MA.ZS,..,..,..,..,..,..,..,..,..,..,..,..,..,..,..,..,100.429466247559,104.510192871094,97.7526397705078,100.200538635254,101.863677978516,97.3387908935547,..,..,..
United States,USA,"Primary completion rate, total (% of relevant age group)",SE.PRM.CMPT.ZS,..,..,..,..,..,..,..,..,..,..,..,..,..,..,..,..,98.8321990966797,100.092697143555,100.489051818848,100.923667907715,101.091278076172,95.743522644043,..,..,..
United States,USA,Adolescents out of school (% of lower secondary school age),SE.SEC.UNER.LO.ZS,..,..,..,..,..,..,..,..,..,..,..,..,..,..,..,..,..,..,..,0.172670006752014,1.15775001049042,0.813030004501343,..,..,..
United States,USA,"Educational attainment, at least completed lower secondary, population 25+, total (%) (cumulative)",SE.SEC.CUAT.LO.ZS,96.454615955618,96.4470861085587,96.487135950704,94.0394287109375,93.6958770751953,94.1919326782227,96.783834574041,94.4855499267578,94.5352172851562,94.7695007324219,94.9027328491211,94.984489440918,95.2045288085938,95.2634735107422,95.3349685668945,95.5852432250977,94.9176025390625,96.0293731689453,97.6129471753246,96.4607696533203,95.2501678466797,96.4930725097656,96.503532409668,96.6203231811523,..
United States,USA,"Lower secondary completion rate, total (% of relevant age group)",SE.SEC.CMPT.LO.ZS,..,..,..,..,..,..,..,..,..,..,..,..,..,..,..,..,104.852256774902,103.384170532227,103.408462524414,103.84593963623,103.428169250488,101.35814666748,..,..,..
United States,USA,"School enrollment, secondary (% gross)",SE.SEC.ENRR,..,..,..,..,95.0524826049805,..,..,..,..,..,..,..,96.1864929199219,96.9245376586914,97.6525497436523,98.7699279785156,98.9523391723633,99.2755813598633,100.063430786133,100.509819030762,101.192489624023,97.4734878540039,..,..,..
United States,USA,"School enrollment, secondary, female (% gross)",SE.SEC.ENRR.FE,..,..,..,..,95.9484786987305,..,..,..,..,..,..,..,96.3090591430664,97.5130462646484,98.1735763549805,98.4747085571289,98.695556640625,98.7960586547852,99.189453125,99.4142990112305,101.344367980957,98.6511611938477,..,..,..
United States,USA,"School enrollment, secondary, male (% gross)",SE.SEC.ENRR.MA,..,..,..,..,94.2021102905273,..,..,..,..,..,..,..,96.0696334838867,96.3625335693359,97.1537170410156,99.0528335571289,99.1985168457031,99.7356567382812,100.902122497559,101.560943603516,101.046821594238,96.351806640625,..,..,..
United States,USA,"Adolescents out of school, female (% of female lower secondary school age)",SE.SEC.UNER.LO.FE.ZS,..,..,..,..,..,..,..,..,..,..,..,..,..,..,..,..,..,..,..,..,..,0.375470012426376,..,..,..
United States,USA,"Adolescents out of school, male (% of male lower secondary school age)",SE.SEC.UNER.LO.MA.ZS,..,..,..,..,..,..,..,..,..,..,..,..,..,..,..,..,..,..,..,..,..,1.22965002059937,..,..,..
United States,USA,Trained teachers in lower secondary education (% of total teachers),SE.SEC.TCAQ.LO.ZS,..,..,..,..,..,..,..,..,..,..,..,..,..,100,100,100,100,100,100,100,100,100,100,..,..
United States,USA,"Trained teachers in lower secondary education, female (% of female teachers)",SE.SEC.TCAQ.LO.FE.ZS,..,..,..,..,..,..,..,..,..,..,..,..,..,100,100,100,100,100,100,100,100,100,100,..,..
United States,USA,"Trained teachers in lower secondary education, male (% of male teachers)",SE.SEC.TCAQ.LO.MA.ZS,..,..,..,..,..,..,..,..,..,..,..,..,..,100,100,100,100,100,100,100,100,100,100,..,..
United States,USA,Trained teachers in secondary education (% of total teachers),SE.SEC.TCAQ.ZS,..,..,..,..,..,..,..,..,..,..,..,..,..,100,100,100,100,100,100,100,100,100,100,..,..
United States,USA,"Trained teachers in secondary education, female (% of female teachers)",SE.SEC.TCAQ.FE.ZS,..,..,..,..,..,..,..,..,..,..,..,..,..,100,100,100,100,100,100,100,100,100,100,..,..
United States,USA,"Trained teachers in secondary education, male (% of male teachers)",SE.SEC.TCAQ.MA.ZS,..,..,..,..,..,..,..,..,..,..,..,..,..,100,100,100,100,100,100,100,100,100,100,..,..
United States,USA,"Trained teachers in primary education, male (% of male teachers)",SE.PRM.TCAQ.MA.ZS,..,..,..,..,..,..,..,..,..,..,..,..,..,100,100,100,100,100,100,100,100,100,100,..,..
United States,USA,"Trained teachers in primary education, female (% of female teachers)",SE.PRM.TCAQ.FE.ZS,..,..,..,..,..,..,..,..,..,..,..,..,..,100,100,100,100,100,100,100,100,100,100,..,..
United States,USA,Trained teachers in primary education (% of total teachers),SE.PRM.TCAQ.ZS,..,..,..,..,..,..,..,..,..,..,..,..,..,100,100,100,100,100,100,100,100,100,100,..,..
United States,USA,Trained teachers in upper secondary education (% of total teachers),SE.SEC.TCAQ.UP.ZS,..,..,..,..,..,..,..,..,..,..,..,..,..,100,100,100,100,100,100,100,100,100,100,..,..
United States,USA,"Trained teachers in upper secondary education, female (% of female teachers)",SE.SEC.TCAQ.UP.FE.ZS,..,..,..,..,..,..,..,..,..,..,..,..,..,100,100,100,100,100,100,100,100,100,100,..,..
United States,USA,"Trained teachers in upper secondary education, male (% of male teachers)",SE.SEC.TCAQ.UP.MA.ZS,..,..,..,..,..,..,..,..,..,..,..,..,..,100,100,100,100,100,100,100,100,100,100,..,..
United States,USA,"Pupil-teacher ratio, lower secondary",SE.SEC.ENRL.LO.TC.ZS,..,..,..,..,..,..,..,..,..,..,..,..,..,14.79886,14.70835,..,14.54548,..,..,..,..,..,..,..,..
United States,USA,"Pupil-teacher ratio, preprimary",SE.PRE.ENRL.TC.ZS,..,..,..,..,..,..,..,..,..,..,..,..,..,13.81997,13.75664,..,14.27951,..,..,..,..,..,..,..,..
United States,USA,"Pupil-teacher ratio, primary",SE.PRM.ENRL.TC.ZS,..,..,..,..,..,..,..,..,..,..,..,..,..,14.53749,14.45723,..,14.19857,..,..,..,..,..,..,..,..
United States,USA,"Pupil-teacher ratio, secondary",SE.SEC.ENRL.TC.ZS,..,..,..,..,..,..,..,..,..,..,..,..,..,14.78683,14.69697,..,14.62452,..,..,..,..,..,..,..,..
United States,USA,"Pupil-teacher ratio, tertiary",SE.TER.ENRL.TC.ZS,..,..,..,..,..,..,..,..,..,..,..,..,..,12.46114,12.35456,..,12.02368,..,..,..,..,..,..,..,..
United States,USA,"Pupil-teacher ratio, upper secondary",SE.SEC.ENRL.UP.TC.ZS,..,..,..,..,..,..,..,..,..,..,..,..,..,14.77404,14.68497,..,14.70795,..,..,..,..,..,..,..,..
United States,USA,"Government expenditure on education, total (% of GDP)",SE.XPD.TOTL.GD.ZS,..,..,..,..,..,..,..,..,..,..,..,..,..,..,4.93064022064209,4.78327989578247,5.09296989440918,4.89502000808716,4.95746994018555,5.39530992507935,5.42038011550903,..,..,..,..
United States,USA,"Government expenditure on education, total (% of government expenditure)",SE.XPD.TOTL.GB.ZS,..,..,..,..,..,..,..,..,..,..,..,..,..,..,13.5466499328613,13.1706104278565,13.8754997253418,13.1474103927612,13.2726898193359,12.1569995880127,11.2926597595215,..,..,..,..
United States,USA,Net lending (+) / net borrowing (-) (% of GDP),GC.NLD.TOTL.GD.ZS,0.0139813827894706,-2.84500802810257,-4.07842394459017,-3.82684864841327,-3.03664635176537,-2.10572293619459,-2.43871452073299,-5.24151545897991,-10.1899701113415,-9.99381153701472,-8.94621330674142,-7.3043865590991,-4.15034273198543,-3.70170258774664,-3.19804149971093,-3.83020224555147,-2.94418313753416,-4.77899854941656,-5.35878674364723,-14.3855994220614,-12.7072284020097,-4.45683440176853,-7.25485596488678,-7.18895885533261,..
United States,USA,Net lending (+) / net borrowing (-) (current LCU),GC.NLD.TOTL.CN,1479500000,-310934000000,-467242600000,-467533600000,-395954300000,-290917900000,-352985100000,-774164600000,-1475310700000,-1503965800000,-1395585300000,-1187252800000,-700606200000,-651800900000,-585082300000,-720266200000,-577416200000,-987174600000,-1154281700000,-3074962300000,-3014871900000,-1161211000000,-2017685500000,-2106222100000,..
United States,USA,"Unemployment, youth total (% of total labor force ages 15-24) (modeled ILO estimate)",SL.UEM.1524.ZS,10.492,11.935,12.362,11.791,11.24,10.43,10.472,12.76,17.517,18.361,17.272,16.211,15.558,13.411,11.634,10.432,9.238,8.607,8.375,14.891,9.704,8.105,7.953,8.92,9.34
United States,USA,"Labor force participation rate for ages 15-24, total (%) (modeled ILO estimate)",SL.TLF.ACTI.1524.ZS,58.736,57.593,56.026,55.647,55.308,55.169,54.037,53.486,51.73,50.189,49.998,49.932,50.083,50.041,50.026,50.183,50.453,50.213,50.816,49.025,50.498,50.541,51.144,50.81,50.83
United States,USA,Progression to secondary school (%),SE.SEC.PROG.ZS,..,..,..,..,..,..,..,..,..,..,..,..,..,..,..,99.2321,..,..,..,..,..,..,..,..,..
United States,USA,"School enrollment, secondary (% net)",SE.SEC.NENR,..,..,..,..,89.34377,..,..,..,..,88.38466,89.75284,89.29903,89.46575,89.86874,91.27156,92.18317,92.45022,..,..,..,..,..,..,..,..
United States,USA,"School enrollment, secondary, female (% net)",SE.SEC.NENR.FE,..,..,..,..,90.70646,..,..,..,..,89.18024,90.47964,90.32571,90.09343,91.08553,92.66306,92.17723,93.03496,..,..,..,..,..,..,..,..
United States,USA,"School enrollment, secondary, male (% net)",SE.SEC.NENR.MA,..,..,..,..,88.05048,..,..,..,..,87.62882,89.06161,88.32107,88.8673,88.70675,89.93936,92.18887,91.88962,..,..,..,..,..,..,..,..
United States,USA,"School enrollment, tertiary (% gross)",SE.TER.ENRR,..,..,..,..,80.6348266601562,..,..,..,..,..,..,..,88.7264175415039,88.6268692016602,88.8894119262695,88.8350524902344,88.1673889160156,88.2991790771484,87.8887100219727,87.5676574707031,84.8550872802734,79.361930847168,..,..,..
United States,USA,"School enrollment, tertiary, female (% gross)",SE.TER.ENRR.FE,..,..,..,..,95.1901626586914,..,..,..,..,..,..,..,103.112609863281,102.599388122559,102.747329711914,102.293800354004,102.011329650879,102.354042053223,102.425331115723,102.956741333008,101.710220336914,94.8502197265625,..,..,..
United States,USA,"School enrollment, tertiary, male (% gross)",SE.TER.ENRR.MA,..,..,..,..,66.9317169189453,..,..,..,..,..,..,..,75.0769119262695,75.3973617553711,75.7590179443359,76.0622711181641,74.9971923828125,74.8950500488281,73.9934616088867,72.8402481079102,68.7112731933594,64.5381774902344,..,..,..
United States,USA,"Government expenditure per student, secondary (% of GDP per capita)",SE.XPD.SECO.PC.ZS,..,..,..,..,..,..,..,..,..,24.28969,23.89396,22.76782,22.58939,22.36455,21.68055,22.1348,..,..,..,..,..,..,..,..,..
United States,USA,Gini index,SI.POV.GINI,40.6,40.4,40.8,40.5,41.3,41.7,41.1,41.1,40.9,40.2,41.2,41.2,40.9,41.7,41.5,41.3,41.4,41.8,41.9,40,39.7,41.7,41.8,41.8,..
United States,USA,Poverty headcount ratio at $3.00 a day (2021 PPP) (% of population),SI.POV.DDAY,0.9,0.9,1,1.1,1,1.1,1,1.1,1,1.1,1.1,1.1,1.1,1.3,1.2,1.2,1.3,1.1,1,0.4,0.3,1.4,1.2,1.1,..
United States,USA,"GDP per capita, PPP (constant 2021 international $)",NY.GDP.PCAP.PP.KD,55024.3542766281,55443.2199435683,56505.4468784112,58139.0820195229,59612.3907215559,60684.3399832539,61314.4520816367,60806.2238713713,58722.496767251,59797.0736545937,60253.2035796719,61142.3637034265,61966.6621370894,63026.8779187814,64367.7188912582,65025.9855980616,66164.0320014289,67728.4424921024,69121.4580016741,67406.8311325507,71441.231980595,72828.7430907189,74351.6718197429,75698.1773354629,76931.3106990408
United States,USA,Urban population (% of total population),SP.URB.TOTL.IN.ZS,79.3086223667912,79.5461039768657,79.7773350255284,79.9960936968363,80.1961581748464,80.3713066436159,80.5153172872016,80.6219682896606,80.6850378350499,80.6997744673366,80.6957554256024,80.6837493386238,80.660889281215,80.6242231779766,80.5707989535091,80.4976645324131,80.4018678392891,80.2804567987377,80.1304793353594,79.997451762548,80.0074765140272,80.0324978239707,80.071561119178,80.1247798047184,80.1921733027869
United States,USA,"Vulnerable employment, total (% of total employment) (modeled ILO estimate)",SL.EMP.VULN.ZS,4.34815620378764,4.31130371223034,4.44578958506753,4.45408259671141,4.38411289340762,4.32202395887688,4.19449703914943,4.07416655287361,4.15705280173176,4.15926584168371,4.07259887669515,4.07535743103086,4.0277050197679,3.98332916779183,4.01903097374602,4.02570619192093,3.98095082402989,4.02366659006327,3.93462654039839,3.95644039443845,4.02475791685968,3.86455082663516,3.75894143719088,3.85135079514778,3.80976956797991
United States,USA,"Adolescent fertility rate (births per 1,000 women ages 15-19)",SP.ADO.TFRT,44.958,42.602,40.987,40.173,39.473,40.349,40.808,40.059,38.137,34.856,31.723,29.387,26.528,24.192,22.031,20.08,18.491,17.164,16.202,14.719,13.724,13.628,13.145,12.412,..
,,,,,,,,,,,,,,,,,,,,,,,,,,,,
,,,,,,,,,,,,,,,,,,,,,,,,,,,,
,,,,,,,,,,,,,,,,,,,,,,,,,,,,
Data from database: World Development Indicators,,,,,,,,,,,,,,,,,,,,,,,,,,,,
Last Updated: 07/13/2026,,,,,,,,,,,,,,,,,,,,,,,,,,,,
