field,underemployed_with_internship,underemployed_without_internship
Public safety and security,64,68
Recreation and wellness studies,51,61
"Business: other (e.g., management, marketing, HR)",42,59
Other fields,42,59
Humanities and cultural studies,42,56
Visual and performing arts,37,56
Social sciences,33,55
"Communication, journalism, and related programs",43,54
Psychology,41,54
Multi/interdisciplinary studies,38,50
Biological and biomedical sciences,44,47
Physical sciences,30,45
Public administration and social service professions,44,44
Computer science,20,38
Mathematics and statistics,22,38
Education,28,34
Architecture and planning,19,33
"Business: math-intensive (e.g., accounting, finance)",16,31
Engineering,16,29
