Country Name,Country Code,Series,Series Code,1960 [YR1960],1961 [YR1961],1962 [YR1962],1963 [YR1963],1964 [YR1964],1965 [YR1965],1966 [YR1966],1967 [YR1967],1968 [YR1968],1969 [YR1969],1970 [YR1970],1971 [YR1971],1972 [YR1972],1973 [YR1973],1974 [YR1974],1975 [YR1975],1976 [YR1976],1977 [YR1977],1978 [YR1978],1979 [YR1979],1980 [YR1980],1981 [YR1981],1982 [YR1982],1983 [YR1983],1984 [YR1984],1985 [YR1985],1986 [YR1986],1987 [YR1987],1988 [YR1988],1989 [YR1989],1990 [YR1990],1991 [YR1991],1992 [YR1992],1993 [YR1993],1994 [YR1994],1995 [YR1995],1996 [YR1996],1997 [YR1997],1998 [YR1998],1999 [YR1999],2000 [YR2000],2001 [YR2001],2002 [YR2002],2003 [YR2003],2004 [YR2004],2005 [YR2005],2006 [YR2006],2007 [YR2007],2008 [YR2008],2009 [YR2009],2010 [YR2010],2011 [YR2011],2012 [YR2012],2013 [YR2013],2014 [YR2014],2015 [YR2015],2016 [YR2016],2017 [YR2017],2018 [YR2018],2019 [YR2019],2020 [YR2020],2021 [YR2021],2022 [YR2022],2023 [YR2023],2024 [YR2024],2025 [YR2025],2026 [YR2026]
United States,USA,"Share of youth not in education, employment, or training, female (% of female youth population)",SL.UEM.NEET.FE.ZS,..,..,..,..,..,..,..,..,..,..,..,..,..,..,..,..,..,..,..,..,..,..,..,..,..,..,..,..,..,..,..,..,..,..,22.3318996429443,22.3278007507324,21.128999710083,19.721399307251,18.603099822998,18.3022994995117,18.1963005065918,18.5286998748779,19.3052005767822,19.1082000732422,18.9992008209229,18.8225994110107,18.1919994354248,17.7346000671387,18.3619003295898,19.9811992645264,20.1879005432129,19.8507995605469,19.7122993469238,19.0741996765137,17.9027004241943,16.2656002044678,15.7142000198364,14.6729001998901,14.3114995956421,13.5749998092651,..,..,..,..,..,..,..
United States,USA,"Share of youth not in education, employment, or training, male (% of male youth population)",SL.UEM.NEET.MA.ZS,..,..,..,..,..,..,..,..,..,..,..,..,..,..,..,..,..,..,..,..,..,..,..,..,..,..,..,..,..,..,..,..,..,..,15.684700012207,15.1933002471924,15.0719995498657,14.4377002716064,13.796799659729,13.2802000045776,12.8263998031616,13.9082002639771,14.8449001312256,15.3753995895386,14.6963996887207,14.8255996704102,13.5383996963501,13.568699836731,15.4679002761841,19.1753005981445,19.5867004394531,17.9969997406006,17.8320007324219,17.3792991638184,15.6912002563477,14.7196998596191,14.299599647522,13.0153999328613,13.0036001205444,12.6083002090454,..,..,..,..,..,..,..
United States,USA,"Share of youth not in education, employment, or training, total (% of youth population)",SL.UEM.NEET.ZS,..,..,..,..,..,..,..,..,..,..,..,..,..,..,..,..,..,..,..,..,..,..,..,..,..,..,..,..,..,..,..,..,..,..,19.0077991485596,18.7562007904053,18.0921993255615,17.056999206543,16.1777992248535,15.7820997238159,15.4990997314453,16.2098007202148,17.0622005462646,17.2322998046875,16.8302001953125,16.8066005706787,15.8425998687744,15.6288995742798,16.9020004272461,19.5751991271973,19.8848991394043,18.9080009460449,18.7646007537842,18.2199001312256,16.7879009246826,15.4868001937866,15.00119972229,13.8379001617432,13.6529998779297,13.08899974823,..,..,..,..,..,..,..
United States,USA,"Unemployment, female (% of female labor force)",SL.UEM.TOTL.FE.ZS,..,..,..,..,..,..,..,..,..,..,..,..,..,..,..,..,..,..,..,..,..,..,..,..,..,..,..,..,..,..,..,6.35799980163574,7.00099992752075,6.57000017166138,6.05200004577637,5.67199993133545,5.46999979019165,5.07499980926514,4.62200021743774,4.34100008010864,4.09999990463257,4.65299987792969,5.6100001335144,5.66099977493286,5.39699983596802,5.09700012207031,4.6269998550415,4.50099992752075,5.41800022125244,8.05900001525879,8.61200046539307,8.45899963378906,7.8899998664856,7.07100009918213,6.05900001525879,5.17700004577637,4.78800010681152,4.30800008773804,3.83699989318848,3.6159999370575,..,..,..,..,..,..,..
United States,USA,"Unemployment, male (% of male labor force)",SL.UEM.TOTL.MA.ZS,..,..,..,..,..,..,..,..,..,..,..,..,..,..,..,..,..,..,..,..,..,..,..,..,..,..,..,..,..,..,..,7.15299987792969,7.90100002288818,7.16699981689453,6.17399978637695,5.63299989700317,5.43599987030029,4.93800020217896,4.41800022125244,4.11700010299683,3.90100002288818,4.79699993133545,5.92899990081787,6.26599979400635,5.6399998664856,5.07200002670288,4.61899995803833,4.72499990463257,6.09600019454956,10.2799997329712,10.5100002288818,9.36900043487549,8.22200012207031,7.63299989700317,6.26000022888184,5.36700010299683,4.93800020217896,4.39599990844727,3.94600009918213,3.73799991607666,..,..,..,..,..,..,..
United States,USA,"Unemployment, total (% of total labor force)",SL.UEM.TOTL.ZS,..,..,..,..,..,..,..,..,..,..,..,..,..,..,..,..,..,..,..,..,..,..,..,..,..,..,..,..,..,..,..,6.80000019073486,7.5,6.90000009536743,6.11899995803833,5.65000009536743,5.45100021362305,5,4.51000022888184,4.2189998626709,3.99200010299683,4.73099994659424,5.78299999237061,5.98899984359741,5.52899980545044,5.08300018310547,4.6230001449585,4.62200021743774,5.78399991989136,9.25399971008301,9.63300037384033,8.94900035858154,8.06900024414063,7.375,6.16800022125244,5.28000020980835,4.86899995803833,4.35500001907349,3.89599990844727,3.68199992179871,..,..,..,..,..,..,..
,,,,,,,,,,,,,,,,,,,,,,,,,,,,,,,,,,,,,,,,,,,,,,,,,,,,,,,,,,,,,,,,,,,,,,
,,,,,,,,,,,,,,,,,,,,,,,,,,,,,,,,,,,,,,,,,,,,,,,,,,,,,,,,,,,,,,,,,,,,,,
,,,,,,,,,,,,,,,,,,,,,,,,,,,,,,,,,,,,,,,,,,,,,,,,,,,,,,,,,,,,,,,,,,,,,,
Data from database: Education Statistics - All Indicators,,,,,,,,,,,,,,,,,,,,,,,,,,,,,,,,,,,,,,,,,,,,,,,,,,,,,,,,,,,,,,,,,,,,,,
Last Updated: 06/25/2024,,,,,,,,,,,,,,,,,,,,,,,,,,,,,,,,,,,,,,,,,,,,,,,,,,,,,,,,,,,,,,,,,,,,,,
Code,Indicator Name,Long definition,Source,Topic,Periodicity,Aggregation method,Statistical concept and methodology,Development relevance,Limitations and exceptions,General comments
SL.UEM.NEET.FE.ZS,"Share of youth not in education, employment or training, female (% of female youth population)","Share of youth not in education, employment or training (NEET) is the proportion of young people who are not in education, employment, or training to the population of the corresponding age group: youth (ages 15 to 24); persons ages 15 to 29; or both age groups.","International Labour Organization, ILOSTAT database. Data retrieved in March 1, 2020.",Social Protection & Labor: Unemployment,Annual,Weighted Average,"The standard definition of unemployed persons is those individuals without work in a recent past period, and currently available for and seeking for employment. But there may be persons who do not actively "seek" work because they view job opportunities as limited, or because they have restricted labour mobility, or face discrimination, or structural, social or cultural barriers. NEET rates capture more broadly untapped potential youth, including such individuals who want to work but are not seeking work (often called the "hidden unemployed" or "discouraged workers").

Youth are defined as persons ages 15 to 24; young adults are those ages 25 to 29; and adults are those ages 25 and above. However, countries vary somewhat in their operational definitions. In particular, the lower age limit for young people is usually determined by the minimum age for leaving school, where this exists.","Unemployment and total employment are the broadest indicators of economic activity as reflected by the labor market. The International Labour Organization(ILO) defines the unemployed as members of the economically active population who are without work but available for and seeking work, including people who have lost their jobs or who have voluntarily left work. Some unemployment is unavoidable. At any time some workers are temporarily unemployed - between jobs as employers look for the right workers and workers search for better jobs. Such unemployment, often called frictional unemployment, results from the normal operation of labor markets.

Youth unemployment is an important policy issue for many economies. Young men and women today face increasing uncertainty in their hopes of undergoing a satisfactory transition in the labour market, and this uncertainty and disillusionment can, in turn, have damaging effects on individuals, communities, economies and society at large. Unemployed or underemployed youth are less able to contribute effectively to national development and have fewer opportunities to exercise their rights as citizens. They have less to spend as consumers, less to invest as savers and often have no "voice" to bring about change in their lives and communities. Widespread youth unemployment and underemployment also prevents companies and countries from innovating and developing competitive advantages based on human capital investment, thus undermining future prospects.

The NEET group is particularly at risk of both labour market and social exclusion, because this group is neither improving their future employability through investment in skills nor gaining experience through employment, . In addition, the NEET group is already in a disadvantaged position due to lower levels of education and lower household incomes. In view of the fact that the NEET group includes unemployed youth as well as economically inactive youth, the NEET rate provides important complementray information to labour force participation rates and unemploymenent rates. For example, if youth participation rates decrease during an economic downturn due to discouragement, this may be reflected in an upward movement in the NEET rate. More generally, a high NEET rate and a low youth unemployment may indicate significant discouragement of young people. A high NEET rate for young women suggests their engagement in household chores, and/or the presence of strong institutional barriers limiting female participation in labour markets.",Data should be used cautiously because of differences in age coverage.,
SL.UEM.NEET.MA.ZS,"Share of youth not in education, employment or training, male (% of male youth population)","Share of youth not in education, employment or training (NEET) is the proportion of young people who are not in education, employment, or training to the population of the corresponding age group: youth (ages 15 to 24); persons ages 15 to 29; or both age groups.","International Labour Organization, ILOSTAT database. Data retrieved in March 1, 2020.",Social Protection & Labor: Unemployment,Annual,Weighted Average,"The standard definition of unemployed persons is those individuals without work in a recent past period, and currently available for and seeking for employment. But there may be persons who do not actively "seek" work because they view job opportunities as limited, or because they have restricted labour mobility, or face discrimination, or structural, social or cultural barriers. NEET rates capture more broadly untapped potential youth, including such individuals who want to work but are not seeking work (often called the "hidden unemployed" or "discouraged workers").

Youth are defined as persons ages 15 to 24; young adults are those ages 25 to 29; and adults are those ages 25 and above. However, countries vary somewhat in their operational definitions. In particular, the lower age limit for young people is usually determined by the minimum age for leaving school, where this exists.","Unemployment and total employment are the broadest indicators of economic activity as reflected by the labor market. The International Labour Organization(ILO) defines the unemployed as members of the economically active population who are without work but available for and seeking work, including people who have lost their jobs or who have voluntarily left work. Some unemployment is unavoidable. At any time some workers are temporarily unemployed - between jobs as employers look for the right workers and workers search for better jobs. Such unemployment, often called frictional unemployment, results from the normal operation of labor markets.

Youth unemployment is an important policy issue for many economies. Young men and women today face increasing uncertainty in their hopes of undergoing a satisfactory transition in the labour market, and this uncertainty and disillusionment can, in turn, have damaging effects on individuals, communities, economies and society at large. Unemployed or underemployed youth are less able to contribute effectively to national development and have fewer opportunities to exercise their rights as citizens. They have less to spend as consumers, less to invest as savers and often have no "voice" to bring about change in their lives and communities. Widespread youth unemployment and underemployment also prevents companies and countries from innovating and developing competitive advantages based on human capital investment, thus undermining future prospects.

The NEET group is particularly at risk of both labour market and social exclusion, because this group is neither improving their future employability through investment in skills nor gaining experience through employment, . In addition, the NEET group is already in a disadvantaged position due to lower levels of education and lower household incomes. In view of the fact that the NEET group includes unemployed youth as well as economically inactive youth, the NEET rate provides important complementray information to labour force participation rates and unemploymenent rates. For example, if youth participation rates decrease during an economic downturn due to discouragement, this may be reflected in an upward movement in the NEET rate. More generally, a high NEET rate and a low youth unemployment may indicate significant discouragement of young people. A high NEET rate for young women suggests their engagement in household chores, and/or the presence of strong institutional barriers limiting female participation in labour markets.",Data should be used cautiously because of differences in age coverage.,
SL.UEM.NEET.ZS,"Share of youth not in education, employment or training, total (% of youth population)","Share of youth not in education, employment or training (NEET) is the proportion of young people who are not in education, employment, or training to the population of the corresponding age group: youth (ages 15 to 24); persons ages 15 to 29; or both age groups.","International Labour Organization, ILOSTAT database. Data retrieved in March 1, 2020.",Social Protection & Labor: Unemployment,Annual,Weighted Average,"The standard definition of unemployed persons is those individuals without work in a recent past period, and currently available for and seeking for employment. But there may be persons who do not actively "seek" work because they view job opportunities as limited, or because they have restricted labour mobility, or face discrimination, or structural, social or cultural barriers. NEET rates capture more broadly untapped potential youth, including such individuals who want to work but are not seeking work (often called the "hidden unemployed" or "discouraged workers").

Youth are defined as persons ages 15 to 24; young adults are those ages 25 to 29; and adults are those ages 25 and above. However, countries vary somewhat in their operational definitions. In particular, the lower age limit for young people is usually determined by the minimum age for leaving school, where this exists.","Unemployment and total employment are the broadest indicators of economic activity as reflected by the labor market. The International Labour Organization(ILO) defines the unemployed as members of the economically active population who are without work but available for and seeking work, including people who have lost their jobs or who have voluntarily left work. Some unemployment is unavoidable. At any time some workers are temporarily unemployed - between jobs as employers look for the right workers and workers search for better jobs. Such unemployment, often called frictional unemployment, results from the normal operation of labor markets.

Youth unemployment is an important policy issue for many economies. Young men and women today face increasing uncertainty in their hopes of undergoing a satisfactory transition in the labour market, and this uncertainty and disillusionment can, in turn, have damaging effects on individuals, communities, economies and society at large. Unemployed or underemployed youth are less able to contribute effectively to national development and have fewer opportunities to exercise their rights as citizens. They have less to spend as consumers, less to invest as savers and often have no "voice" to bring about change in their lives and communities. Widespread youth unemployment and underemployment also prevents companies and countries from innovating and developing competitive advantages based on human capital investment, thus undermining future prospects.

The NEET group is particularly at risk of both labour market and social exclusion, because this group is neither improving their future employability through investment in skills nor gaining experience through employment, . In addition, the NEET group is already in a disadvantaged position due to lower levels of education and lower household incomes. In view of the fact that the NEET group includes unemployed youth as well as economically inactive youth, the NEET rate provides important complementray information to labour force participation rates and unemploymenent rates. For example, if youth participation rates decrease during an economic downturn due to discouragement, this may be reflected in an upward movement in the NEET rate. More generally, a high NEET rate and a low youth unemployment may indicate significant discouragement of young people. A high NEET rate for young women suggests their engagement in household chores, and/or the presence of strong institutional barriers limiting female participation in labour markets.",Data should be used cautiously because of differences in age coverage.,
SL.UEM.TOTL.FE.ZS,"Unemployment, female (% of female labor force) (modeled ILO estimate)",Unemployment refers to the share of the labor force that is without work but available for and seeking employment.,"International Labour Organization, ILOSTAT database. Data retrieved in March 1, 2020.",Social Protection & Labor: Unemployment,Annual,Weighted average,,,"The criteria for people considered to be seeking work, and the treatment of people temporarily laid off or seeking work for the first time, vary across countries. In many cases it is especially difficult to measure employment and unemployment in agriculture. The timing of a survey can maximize the effects of seasonal unemployment in agriculture. And informal sector employment is difficult to quantify where informal activities are not tracked.

There may be also persons not currently in the labour market who want to work but do not actively "seek" work because they view job opportunities as limited, or because they have restricted labour mobility, or face discrimination, or structural, social or cultural barriers. The exclusion of people who want to work but are not seeking work (often called the "hidden unemployed" or "discouraged workers") is a criterion that will affect the unemployment count of both women and men. 

However, women tend to be excluded from the count for various reasons. Women suffer more from discrimination and from structural, social, and cultural barriers that impede them from seeking work. Also, women are often responsible for the care of children and the elderly and for household affairs. They may not be available for work during the short reference period, as they need to make arrangements before starting work. Further, women are considered to be employed when they are working part-time or in temporary jobs, despite the instability of these jobs or their active search for more secure employment.",National estimates are also available in the WDI database. Caution should be used when comparing ILO estimates with national estimates.
SL.UEM.TOTL.MA.ZS,"Unemployment, male (% of male labor force) (modeled ILO estimate)",Unemployment refers to the share of the labor force that is without work but available for and seeking employment.,"International Labour Organization, ILOSTAT database. Data retrieved in March 1, 2020.",Social Protection & Labor: Unemployment,Annual,Weighted average,,,"The criteria for people considered to be seeking work, and the treatment of people temporarily laid off or seeking work for the first time, vary across countries. In many cases it is especially difficult to measure employment and unemployment in agriculture. The timing of a survey can maximize the effects of seasonal unemployment in agriculture. And informal sector employment is difficult to quantify where informal activities are not tracked.

There may be also persons not currently in the labour market who want to work but do not actively "seek" work because they view job opportunities as limited, or because they have restricted labour mobility, or face discrimination, or structural, social or cultural barriers. The exclusion of people who want to work but are not seeking work (often called the "hidden unemployed" or "discouraged workers") is a criterion that will affect the unemployment count of both women and men. 

However, women tend to be excluded from the count for various reasons. Women suffer more from discrimination and from structural, social, and cultural barriers that impede them from seeking work. Also, women are often responsible for the care of children and the elderly and for household affairs. They may not be available for work during the short reference period, as they need to make arrangements before starting work. Further, women are considered to be employed when they are working part-time or in temporary jobs, despite the instability of these jobs or their active search for more secure employment.",National estimates are also available in the WDI database. Caution should be used when comparing ILO estimates with national estimates.
SL.UEM.TOTL.ZS,"Unemployment, total (% of total labor force) (modeled ILO estimate)",Unemployment refers to the share of the labor force that is without work but available for and seeking employment.,"International Labour Organization, ILOSTAT database. Data retrieved in March 1, 2020.",Social Protection & Labor: Unemployment,Annual,Weighted average,,,"The criteria for people considered to be seeking work, and the treatment of people temporarily laid off or seeking work for the first time, vary across countries. In many cases it is especially difficult to measure employment and unemployment in agriculture. The timing of a survey can maximize the effects of seasonal unemployment in agriculture. And informal sector employment is difficult to quantify where informal activities are not tracked.

There may be also persons not currently in the labour market who want to work but do not actively "seek" work because they view job opportunities as limited, or because they have restricted labour mobility, or face discrimination, or structural, social or cultural barriers. The exclusion of people who want to work but are not seeking work (often called the "hidden unemployed" or "discouraged workers") is a criterion that will affect the unemployment count of both women and men. 

However, women tend to be excluded from the count for various reasons. Women suffer more from discrimination and from structural, social, and cultural barriers that impede them from seeking work. Also, women are often responsible for the care of children and the elderly and for household affairs. They may not be available for work during the short reference period, as they need to make arrangements before starting work. Further, women are considered to be employed when they are working part-time or in temporary jobs, despite the instability of these jobs or their active search for more secure employment.",National estimates are also available in the WDI database. Caution should be used when comparing ILO estimates with national estimates.
