indicator,countries,values,first_year,last_year,missing_countries
SL.UEM.NEET.ME.ZS,31,651,2005,2025,ATG DMA GRD KNA
SL.UEM.NEET.FE.ME.ZS,31,651,2005,2025,ATG DMA GRD KNA
SL.UEM.NEET.MA.ME.ZS,31,651,2005,2025,ATG DMA GRD KNA
SL.UEM.NEET.ZS,30,455,2001,2025,BHS CUB DMA KNA VCT
SL.UEM.1524.ZS,31,775,2001,2025,ATG DMA GRD KNA
SL.UEM.1524.FE.ZS,31,775,2001,2025,ATG DMA GRD KNA
SL.UEM.1524.MA.ZS,31,775,2001,2025,ATG DMA GRD KNA
SL.TLF.ACTI.1524.ZS,31,775,2001,2025,ATG DMA GRD KNA
SL.EMP.VULN.ZS,31,775,2001,2025,ATG DMA GRD KNA
SL.UEM.TOTL.ZS,31,775,2001,2025,ATG DMA GRD KNA
SL.UEM.ADVN.ZS,32,455,2001,2025,DMA KNA VCT
NY.GDP.PCAP.PP.KD,33,824,2001,2025,CUB VEN
SI.POV.GINI,27,392,2001,2025,ATG BHS CUB DMA GUY KNA TTO VCT
SI.POV.DDAY,27,392,2001,2025,ATG BHS CUB DMA GUY KNA TTO VCT
SP.URB.TOTL.IN.ZS,35,875,2001,2025,
SP.ADO.TFRT,35,840,2001,2024,
SE.PRM.CMPT.ZS,32,578,2001,2025,BRA CAN HTI
SE.SEC.CMPT.LO.ZS,32,527,2001,2024,BRA CAN HTI
SE.SEC.PROG.ZS,32,320,2001,2017,CAN HTI NIC
SE.SEC.NENR,34,403,2001,2018,HTI
SE.TER.ENRR,31,423,2001,2025,BHS BOL DMA HTI
SE.PRM.UNER.ZS,34,574,2001,2024,HTI
SE.SEC.UNER.LO.ZS,34,501,2001,2024,HTI
SE.XPD.TOTL.GD.ZS,35,597,2001,2024,
SE.XPD.SECO.PC.ZS,30,284,2001,2018,BHS BOL HTI SUR TTO
SE.SEC.ENRR.UP,34,516,2001,2019,HTI
UIS.CR.3,29,262,2001,2018,ATG BHS DMA GRD KNA VCT
UIS.CR.3.F,29,262,2001,2018,ATG BHS DMA GRD KNA VCT
UIS.CR.3.M,29,262,2001,2018,ATG BHS DMA GRD KNA VCT
UIS.CR.3.Q1,28,249,2001,2018,ARG ATG BHS DMA GRD KNA VCT
UIS.CR.3.Q5,28,249,2001,2018,ARG ATG BHS DMA GRD KNA VCT
UIS.CR.3.Q1.F,25,240,2001,2018,ARG ATG BHS CAN DMA GRD KNA TTO USA VCT
UIS.CR.3.Q1.M,25,240,2001,2018,ARG ATG BHS CAN DMA GRD KNA TTO USA VCT
UIS.CR.3.WPIA,28,249,2001,2018,ARG ATG BHS DMA GRD KNA VCT
UIS.CR.2.Q1,28,249,2001,2018,ARG ATG BHS DMA GRD KNA VCT
UIS.CR.2.Q5,28,249,2001,2018,ARG ATG BHS DMA GRD KNA VCT
UIS.CR.2.WPIA,28,249,2001,2018,ARG ATG BHS DMA GRD KNA VCT
UIS.ROFST.H.2.Q1,24,238,2001,2018,ARG ATG BHS CAN CUB DMA GRD KNA TTO USA VCT
UIS.ROFST.H.2.WPIA,24,238,2001,2018,ARG ATG BHS CAN CUB DMA GRD KNA TTO USA VCT
UIS.ROFST.H.3.Q1,24,238,2001,2018,ARG ATG BHS CAN CUB DMA GRD KNA TTO USA VCT
UIS.ROFST.H.3.Q5,24,238,2001,2018,ARG ATG BHS CAN CUB DMA GRD KNA TTO USA VCT
UIS.ROFST.H.3.WPIA,24,238,2001,2018,ARG ATG BHS CAN CUB DMA GRD KNA TTO USA VCT
JI.EMP.1524.LE.ZS,25,293,2001,2021,ATG BLZ BRB CUB DMA GRD GUY KNA SUR VCT
JI.EMP.1524.HE.ZS,25,293,2001,2021,ATG BLZ BRB CUB DMA GRD GUY KNA SUR VCT
JI.EMP.1524.FE.ZS,25,295,2001,2021,ATG BLZ BRB CUB DMA GRD GUY KNA SUR VCT
JI.EMP.1524.MA.ZS,25,295,2001,2021,ATG BLZ BRB CUB DMA GRD GUY KNA SUR VCT
JI.EMP.IFRM.YG.ZS,21,225,2001,2021,ATG BLZ BRB CAN CUB DMA GRD GUY JAM KNA SUR TTO USA VCT
4.0.nini.15a18,17,166,2001,2014,ATG BHS BLZ BRB CAN CUB DMA GRD GUY HTI JAM KNA LCA SUR TTO USA VCT VEN
4.0.nini.19a24,17,166,2001,2014,ATG BHS BLZ BRB CAN CUB DMA GRD GUY HTI JAM KNA LCA SUR TTO USA VCT VEN
4.1.nini.19a24,17,166,2001,2014,ATG BHS BLZ BRB CAN CUB DMA GRD GUY HTI JAM KNA LCA SUR TTO USA VCT VEN
4.2.nini.19a24,17,166,2001,2014,ATG BHS BLZ BRB CAN CUB DMA GRD GUY HTI JAM KNA LCA SUR TTO USA VCT VEN
4.0.stud.19a24,17,166,2001,2014,ATG BHS BLZ BRB CAN CUB DMA GRD GUY HTI JAM KNA LCA SUR TTO USA VCT VEN
4.0.work.19a24,17,166,2001,2014,ATG BHS BLZ BRB CAN CUB DMA GRD GUY HTI JAM KNA LCA SUR TTO USA VCT VEN
4.0.studwork.19a24,17,166,2001,2014,ATG BHS BLZ BRB CAN CUB DMA GRD GUY HTI JAM KNA LCA SUR TTO USA VCT VEN
